"","carat","cut","color","clarity","depth","table","price","x","y","z"
"1",0.61,"Good","E","I1",63.4,57.1,1168,5.37,5.43,3.42
"2",0.53,"Premium","G","SI2",60.8,58,1173,5.21,5.19,3.16
"3",0.23,"Very Good","E","VVS2",62.3,55,505,3.9,3.93,2.44
"4",1.33,"Ideal","J","VS1",61.3,57,6118,7.11,7.08,4.35
"5",0.3,"Ideal","E","VVS1",61.6,56,838,4.3,4.34,2.66
"6",0.3,"Ideal","D","VS2",60.8,57,911,4.34,4.31,2.63
"7",2.01,"Good","H","I1",63.9,59,7024,8.01,7.92,5.09
"8",1.12,"Ideal","H","VS2",61.8,55,6110,6.64,6.7,4.12
"9",1.02,"Ideal","G","VVS2",62.1,57,8401,6.43,6.45,4
"10",0.74,"Ideal","F","VS1",62.3,56,3226,5.76,5.79,3.6
"11",0.74,"Very Good","E","SI2",63.1,57,2617,5.8,5.76,3.65
"12",0.9,"Good","G","SI2",63.8,56,3303,6.13,6.16,3.92
"13",0.34,"Premium","E","SI2",59.9,59,612,4.57,4.55,2.73
"14",0.36,"Very Good","F","VS1",59.9,58.6,825,4.62,4.66,2.77
"15",0.71,"Good","I","VS1",64.2,56,2161,5.62,5.66,3.62
"16",1.12,"Ideal","G","VS2",62,56,6774,6.69,6.64,4.13
"17",0.76,"Ideal","H","SI1",61.8,56,2587,5.88,5.84,3.62
"18",0.61,"Ideal","F","SI2",62.3,57,1303,5.38,5.44,3.37
"19",0.4,"Ideal","F","VVS2",62.4,56,1163,4.74,4.72,2.95
"20",0.3,"Very Good","I","IF",63.3,57,810,4.3,4.23,2.7
"21",0.42,"Premium","F","SI1",60,59,773,4.85,4.88,2.92
"22",0.7,"Good","G","SI1",63.9,58,2218,5.57,5.51,3.54
"23",1.51,"Ideal","H","SI2",62.1,57,8710,7.38,7.34,4.57
"24",0.32,"Ideal","H","IF",61.1,56,814,4.45,4.48,2.73
"25",0.3,"Ideal","D","VVS2",61.7,55,814,4.33,4.36,2.68
"26",0.51,"Ideal","F","VVS2",62.2,57,2083,5.12,5.17,3.2
"27",0.65,"Ideal","G","VVS1",61.9,56,3248,5.56,5.59,3.45
"28",0.79,"Premium","E","VS2",60.6,53,2876,6.04,5.98,3.64
"29",0.3,"Ideal","H","VS1",61.3,56,526,4.31,4.33,2.65
"30",0.38,"Ideal","F","SI2",60.6,56,827,4.73,4.7,2.86
"31",0.44,"Premium","G","VS1",62.3,59,965,4.82,4.87,3.02
"32",0.31,"Good","E","SI1",63.9,56,544,4.27,4.31,2.74
"33",0.44,"Very Good","D","SI1",62.9,58,849,4.82,4.85,3.04
"34",0.77,"Ideal","F","VS1",60.9,58,3655,5.91,5.95,3.61
"35",0.51,"Premium","G","VS2",62.6,57,1443,5.15,5.1,3.21
"36",0.34,"Premium","F","VS1",60.4,58,745,4.51,4.53,2.73
"37",0.4,"Very Good","F","VS1",63.4,54,909,4.68,4.72,2.98
"38",0.31,"Premium","G","VS1",62.1,58,625,4.31,4.36,2.69
"39",0.71,"Ideal","E","VVS2",61.7,56,4447,5.78,5.8,3.57
"40",0.35,"Ideal","D","VS2",62.3,55,829,4.52,4.54,2.82
"41",0.71,"Ideal","F","VS1",61.7,55,3041,5.73,5.77,3.55
"42",0.37,"Very Good","H","VS2",61.2,54,537,4.62,4.7,2.85
"43",0.4,"Premium","G","VS2",61.9,58,966,4.76,4.74,2.94
"44",0.3,"Ideal","F","VS2",62.5,53.3,601,4.28,4.31,2.69
"45",1.1,"Premium","F","VS2",60.5,57,9486,6.7,6.69,4.05
"46",1.04,"Ideal","F","SI1",62.1,56,4426,6.54,6.47,4.04
"47",0.9,"Premium","D","SI2",62.7,59,3205,6.2,6.14,3.87
"48",1,"Good","F","SI2",62.7,57,4081,6.29,6.34,3.96
"49",0.92,"Ideal","H","SI1",60.5,57,4325,6.27,6.32,3.81
"50",1.19,"Good","D","VS1",63.8,55,7437,6.68,6.64,4.25
"51",0.78,"Premium","G","SI2",60.6,58,2486,6.02,5.99,3.64
"52",1.23,"Premium","H","VS1",61.1,58,7577,6.91,6.86,4.21
"53",0.37,"Ideal","E","VS2",61.2,57,811,4.58,4.64,2.82
"54",1.01,"Very Good","E","VVS2",62.8,56,9089,6.34,6.39,4
"55",0.51,"Very Good","G","SI1",61.4,54,1237,5.2,5.22,3.2
"56",2.01,"Very Good","G","SI1",63.1,59,18741,8.03,7.98,5.05
"57",0.38,"Ideal","I","VVS2",61.7,56,737,4.67,4.7,2.89
"58",0.35,"Premium","D","VS2",60.4,58,1063,4.58,4.53,2.75
"59",0.3,"Ideal","E","VVS2",62.3,57,766,4.29,4.32,2.68
"60",0.44,"Premium","H","VVS1",60.1,58,1196,4.96,4.92,2.97
"61",0.41,"Ideal","E","SI1",62.6,57,969,4.73,4.72,2.96
"62",0.51,"Ideal","I","SI1",61.7,54,1000,5.18,5.19,3.2
"63",1.03,"Very Good","G","VS2",62.3,57,6036,6.43,6.51,4.03
"64",0.44,"Very Good","H","SI1",63.5,57,941,4.85,4.82,3.07
"65",0.41,"Ideal","E","VS1",60.5,58,997,4.81,4.85,2.92
"66",1.25,"Ideal","H","SI2",62.2,55.4,5932,6.89,6.94,4.29
"67",0.52,"Ideal","H","SI1",61.7,55,1245,5.17,5.21,3.2
"68",0.72,"Premium","F","VVS1",62.8,58,3689,5.75,5.68,3.59
"69",1.51,"Ideal","I","VS2",59.9,56,9471,7.49,7.42,4.47
"70",0.28,"Very Good","E","VS1",59.5,59,487,4.29,4.35,2.57
"71",0.3,"Very Good","E","VS2",62.6,58,658,4.25,4.28,2.67
"72",0.62,"Ideal","E","SI1",60.7,56,2156,5.54,5.57,3.37
"73",0.51,"Premium","F","SI2",62.3,62,956,5.09,5.02,3.15
"74",1.06,"Very Good","G","IF",61.2,57,8415,6.52,6.56,4
"75",1.5,"Very Good","H","VS1",63.4,59,10652,7.13,7.2,4.54
"76",1,"Good","H","SI2",63.2,60,3740,6.27,6.3,3.97
"77",0.7,"Ideal","E","VS1",61.3,54,2978,5.77,5.83,3.54
"78",0.4,"Ideal","G","IF",62,56,1229,4.73,4.76,2.94
"79",0.75,"Ideal","J","VS2",61.5,54,2001,5.87,5.9,3.62
"80",0.71,"Premium","D","SI1",60.9,59,2743,5.72,5.71,3.48
"81",0.71,"Very Good","J","VS2",59,61,1922,5.81,5.85,3.44
"82",0.41,"Ideal","G","IF",61.7,56,1259,4.78,4.81,2.96
"83",0.31,"Ideal","E","VS2",61,56,872,4.41,4.38,2.68
"84",0.7,"Ideal","H","SI1",61.4,57,2240,5.64,5.76,3.5
"85",0.32,"Very Good","F","SI1",59.3,58,533,4.47,4.5,2.66
"86",1.54,"Very Good","F","VS1",63.3,58,16082,7.34,7.3,4.63
"87",0.31,"Very Good","G","VVS2",62.3,59,617,4.29,4.32,2.68
"88",0.76,"Ideal","G","SI2",62.1,54,2143,5.88,5.84,3.64
"89",0.53,"Ideal","E","VS2",62.4,56,1721,5.16,5.2,3.23
"90",0.32,"Very Good","E","SI1",62.2,57,561,4.38,4.43,2.74
"91",1.13,"Ideal","F","VS1",60.9,57,10016,6.73,6.76,4.11
"92",0.31,"Premium","F","VS2",59.7,58,802,4.48,4.43,2.66
"93",1.17,"Premium","D","VS1",61.7,59,10115,6.77,6.72,4.16
"94",0.37,"Premium","F","SI1",61.6,59,791,4.67,4.62,2.86
"95",0.32,"Ideal","D","VS2",60.5,56,972,4.48,4.45,2.7
"96",0.77,"Very Good","H","SI1",60.4,58,2591,5.9,5.93,3.57
"97",1.01,"Ideal","F","VS2",61,56,5662,6.44,6.4,3.94
"98",1.55,"Premium","H","VS1",60.8,60,8593,7.54,7.5,4.57
"99",1.32,"Ideal","G","SI2",62.9,57,6409,6.98,6.94,4.38
"100",0.5,"Ideal","D","SI1",62.9,57,1654,5.08,5.06,3.19
"101",0.32,"Ideal","H","SI1",60.6,57,449,4.4,4.44,2.68
"102",0.4,"Ideal","D","SI1",62,56,990,4.71,4.68,2.91
"103",0.7,"Ideal","H","VS1",61.9,55,2484,5.66,5.72,3.52
"104",0.41,"Very Good","I","VVS2",63.5,57,1061,4.76,4.72,3.01
"105",1,"Very Good","G","VVS2",59.5,61,7453,6.42,6.46,3.83
"106",0.4,"Ideal","F","VS1",61.4,57,960,4.74,4.77,2.92
"107",1.01,"Premium","F","I1",61.8,60,2781,6.39,6.36,3.94
"108",0.36,"Ideal","E","VS1",61.6,57,852,4.54,4.58,2.81
"109",0.9,"Good","E","SI2",64.1,57,3084,6.09,6.07,3.9
"110",1.59,"Fair","I","SI2",65.2,58,7080,7.28,7.24,4.73
"111",1,"Good","I","VS2",62.6,59,4081,6.28,6.33,3.95
"112",0.72,"Ideal","H","VVS1",62.8,57,2907,5.68,5.72,3.58
"113",0.71,"Premium","H","SI1",62.3,61,2049,5.65,5.61,3.51
"114",0.7,"Very Good","F","SI1",60.5,56,2155,5.73,5.8,3.49
"115",0.82,"Fair","F","SI2",56.7,70,2508,6.28,6.16,3.53
"116",0.41,"Fair","E","SI2",64.7,55,818,4.7,4.67,3.03
"117",0.3,"Premium","E","VS1",61.9,60,911,4.3,4.26,2.65
"118",2,"Good","I","VS2",64,60,10640,7.9,7.83,5.04
"119",0.29,"Very Good","D","VVS2",62.9,58,664,4.2,4.29,2.67
"120",0.56,"Ideal","D","VS1",61.6,57,2369,5.33,5.29,3.27
"121",1.45,"Ideal","J","VS2",61.9,59,7477,7.16,7.21,4.45
"122",1,"Very Good","G","VVS1",57.8,59,7725,6.59,6.63,3.82
"123",0.73,"Ideal","D","SI2",61.8,56,2729,5.77,5.82,3.58
"124",1.54,"Ideal","F","VS2",61.8,56,17240,7.36,7.39,4.56
"125",1.01,"Very Good","G","VVS2",62.1,63,6371,6.38,6.31,3.94
"126",0.6,"Premium","F","VS1",59.4,58,2142,5.52,5.45,3.26
"127",1.04,"Very Good","D","SI2",58.2,59,4252,6.62,6.67,3.87
"128",1.46,"Premium","D","SI2",62,55,8683,7.32,7.23,4.51
"129",0.34,"Ideal","I","VS1",62.4,55,689,4.51,4.47,2.8
"130",0.35,"Premium","G","VS1",61.5,58,706,4.5,4.54,2.78
"131",0.52,"Ideal","F","VVS1",61.9,55,2251,5.17,5.2,3.21
"132",0.57,"Good","G","VS2",64.1,55,1613,5.28,5.27,3.38
"133",0.32,"Premium","F","VS2",62.1,59,645,4.35,4.41,2.72
"134",1.05,"Very Good","H","VS2",59,59,5370,6.68,6.71,3.95
"135",2.06,"Premium","G","SI2",61.8,58,16587,8.15,8.1,5.02
"136",0.31,"Ideal","J","SI1",61.3,56,418,4.37,4.4,2.69
"137",1.33,"Ideal","G","VVS2",62.6,57,12209,7.04,6.99,4.39
"138",1.15,"Very Good","E","SI2",63.1,63,5193,6.63,6.53,4.15
"139",1.11,"Ideal","I","SI1",61.9,55,5329,6.65,6.66,4.12
"140",1.58,"Very Good","G","VS1",62.8,57,13963,7.34,7.4,4.63
"141",0.91,"Premium","J","VS2",61.6,58,3058,6.28,6.23,3.85
"142",2.26,"Ideal","I","SI1",62.4,57,16904,8.43,8.37,5.24
"143",1.02,"Ideal","G","VS1",61.3,56,7192,6.49,6.53,3.99
"144",1.51,"Good","D","SI2",61.5,61,8742,7.37,7.42,4.55
"145",0.51,"Ideal","E","SI1",62.1,55,1438,5.09,5.15,3.18
"146",1.01,"Fair","E","SI2",64.6,59,3294,6.22,6.18,4.01
"147",0.52,"Ideal","G","VVS2",61,56,2012,5.24,5.18,3.18
"148",0.59,"Ideal","G","VS2",62.1,57,1774,5.36,5.39,3.34
"149",0.56,"Premium","G","VS1",61.2,60,1915,5.3,5.26,3.23
"150",0.62,"Ideal","D","VS2",61.2,56,2243,5.49,5.52,3.37
"151",0.3,"Ideal","G","VVS1",61.4,56,945,4.34,4.32,2.66
"152",1.55,"Ideal","G","SI2",60.7,55,9704,7.54,7.51,4.57
"153",1.03,"Ideal","G","VS2",59.6,57,6146,6.65,6.6,3.95
"154",0.53,"Ideal","G","VVS2",60,57,1865,5.27,5.29,3.17
"155",0.34,"Premium","I","VS2",62.1,57,612,4.48,4.44,2.77
"156",0.26,"Very Good","E","VS2",63.2,56,453,4.06,4.1,2.58
"157",1.5,"Very Good","F","VS1",61.6,58,15022,7.35,7.43,4.55
"158",0.91,"Very Good","F","SI2",60.6,56,4081,6.27,6.3,3.81
"159",0.54,"Ideal","F","SI1",62.1,57,1385,5.22,5.24,3.25
"160",0.7,"Ideal","D","VVS2",61.1,55,5539,5.75,5.78,3.52
"161",0.33,"Premium","G","VS2",62.6,58,579,4.41,4.44,2.77
"162",0.92,"Good","H","VS2",63.4,57,4247,6.11,6.17,3.89
"163",0.91,"Very Good","F","VS1",62.4,59,5302,6.15,6.16,3.84
"164",0.75,"Premium","G","SI1",59.4,62,1980,5.95,5.91,3.52
"165",0.51,"Ideal","F","SI1",61.9,56,1346,5.11,5.16,3.18
"166",0.32,"Premium","G","IF",61,59,891,4.38,4.41,2.68
"167",2.01,"Premium","I","SI2",62.3,59,12182,8.01,7.97,4.98
"168",2.03,"Premium","F","SI1",61.3,59,17803,8.15,8.22,5.02
"169",0.7,"Good","D","SI2",58.5,65,2310,5.79,5.76,3.38
"170",0.26,"Very Good","F","VVS1",62,59,597,4.08,4.15,2.55
"171",0.91,"Ideal","E","SI2",61.5,56,3968,6.2,6.23,3.82
"172",2.14,"Premium","G","SI2",60.4,59,17673,8.38,8.32,5.04
"173",0.7,"Premium","E","SI1",61.7,62,2592,5.68,5.64,3.49
"174",1.25,"Premium","J","VS1",62.2,58,5740,6.92,6.88,4.29
"175",2.01,"Premium","H","SI1",61.3,59,17849,8.16,8.08,4.98
"176",0.8,"Premium","E","SI2",59.1,61,2304,6.03,5.99,3.55
"177",2.07,"Ideal","G","SI2",62,55,17095,8.23,8.13,5.07
"178",1.11,"Premium","F","SI2",62.5,59,4134,6.59,6.53,4.1
"179",1.02,"Very Good","E","SI1",60.6,59,5424,6.47,6.49,3.93
"180",0.26,"Very Good","F","VVS2",61.4,56,657,4.14,4.17,2.55
"181",1.51,"Premium","I","SI2",58.7,59,7292,7.53,7.49,4.41
"182",0.55,"Premium","D","VVS2",61.2,57,2366,5.3,5.26,3.23
"183",0.55,"Ideal","I","VS2",62.6,57,1393,5.21,5.23,3.27
"184",0.44,"Ideal","E","SI1",62.6,56,1040,4.9,4.84,3.05
"185",0.4,"Very Good","J","VS1",63.4,58,810,4.64,4.61,2.93
"186",0.38,"Ideal","D","VS1",62,57,942,4.7,4.69,2.91
"187",0.5,"Very Good","F","SI1",61.6,60,1214,5.07,5.1,3.13
"188",0.72,"Good","E","VS2",60.8,62,3140,5.73,5.78,3.5
"189",0.7,"Very Good","F","SI1",60.3,59,2312,5.73,5.78,3.47
"190",0.53,"Ideal","H","VS1",61.3,57,1607,5.22,5.18,3.19
"191",0.43,"Ideal","H","VVS1",62.3,54,1094,4.84,4.85,3.02
"192",0.77,"Premium","F","VS1",62.7,58,3357,5.82,5.88,3.67
"193",0.3,"Ideal","E","VS2",62.1,55,844,4.33,4.3,2.68
"194",1,"Premium","F","SI1",60.5,56,5292,6.48,6.45,3.91
"195",1.5,"Premium","F","VS2",61.5,58,14719,7.34,7.32,4.51
"196",0.5,"Ideal","J","VS1",63,56,984,5.08,5.05,3.19
"197",1.02,"Premium","G","VVS1",63,58,7797,6.43,6.4,4.04
"198",0.3,"Very Good","G","SI1",58.8,60,447,4.35,4.39,2.57
"199",1,"Very Good","E","SI2",60.6,60,4576,6.33,6.4,3.86
"200",0.32,"Premium","G","IF",59.9,58,954,4.42,4.43,2.65
"201",2.11,"Fair","G","SI2",65,56,12633,8.06,8.01,5.22
"202",0.92,"Premium","H","SI1",59,59,3709,6.36,6.31,3.74
"203",0.64,"Fair","E","SI1",59.5,64,1733,5.65,5.39,3.31
"204",1.2,"Very Good","D","SI2",63.5,59,4758,6.61,6.56,4.18
"205",0.73,"Premium","F","SI2",61.4,58,2197,5.83,5.8,3.57
"206",1.22,"Very Good","G","VS1",62.2,58,8633,6.75,6.81,4.22
"207",1.2,"Very Good","F","VVS2",63.8,58,10173,6.67,6.69,4.26
"208",0.91,"Premium","F","SI2",59.1,60,3845,6.36,6.3,3.74
"209",0.54,"Ideal","I","SI1",61.9,54,1057,5.25,5.28,3.26
"210",0.71,"Very Good","D","SI1",63.3,59,2525,5.55,5.66,3.55
"211",0.91,"Ideal","H","SI2",60.3,57,3363,6.31,6.27,3.79
"212",0.71,"Ideal","H","VS2",60.9,55,2450,5.76,5.74,3.5
"213",0.42,"Ideal","G","VS2",61.9,57,1048,4.83,4.79,2.98
"214",0.3,"Very Good","D","VVS2",60.6,58,2366,4.33,4.35,2.63
"215",0.72,"Very Good","E","VVS1",61.2,58,3903,5.75,5.79,3.53
"216",1.5,"Premium","I","VS1",61.6,59,9828,7.32,7.26,4.49
"217",1.37,"Premium","G","SI2",59.6,60,6495,7.24,7.18,4.3
"218",0.74,"Very Good","F","SI1",59.8,58,2583,5.89,5.94,3.54
"219",0.73,"Ideal","H","VVS1",62.1,56,3220,5.75,5.8,3.59
"220",1,"Very Good","E","VS2",64,59,6285,6.22,6.31,4.01
"221",0.26,"Good","F","VS1",63.1,57,499,4.04,4.07,2.56
"222",0.73,"Premium","H","VS2",61,58,2496,5.76,5.84,3.54
"223",0.5,"Good","E","VS2",57.8,60,1365,5.2,5.29,3.03
"224",0.3,"Ideal","E","VVS1",61.6,55,838,4.34,4.36,2.68
"225",0.43,"Premium","H","VS1",62.3,58,1113,4.81,4.75,2.98
"226",1.22,"Premium","D","SI1",62.3,60,5739,6.84,6.8,4.25
"227",0.33,"Premium","G","VS1",61.9,59,666,4.43,4.45,2.75
"228",1,"Premium","H","VVS2",61.4,59,5914,6.49,6.45,3.97
"229",1.01,"Very Good","H","SI1",59.3,62,4868,6.57,6.55,3.89
"230",0.75,"Very Good","F","VS1",60.9,59,3220,5.83,5.87,3.56
"231",0.41,"Premium","F","VVS2",60.6,58,1115,4.79,4.84,2.92
"232",0.9,"Very Good","I","VS2",63.4,56,3489,6.09,6.12,3.87
"233",0.58,"Ideal","E","VVS2",62.1,56,2551,5.36,5.33,3.32
"234",0.38,"Ideal","E","IF",62.7,55,1433,4.61,4.67,2.91
"235",0.31,"Very Good","G","VVS1",61.9,55,642,4.36,4.4,2.71
"236",2.51,"Fair","H","SI2",64.7,57,18308,8.44,8.5,5.48
"237",0.77,"Very Good","I","VS1",62.2,59,2682,5.83,5.85,3.63
"238",0.8,"Very Good","F","SI1",62.6,58,2862,5.9,5.92,3.7
"239",1.01,"Good","D","VS1",64.1,55,8339,6.29,6.38,4.06
"240",1.99,"Premium","G","SI2",59.1,61,11486,8.08,8.05,4.77
"241",0.39,"Very Good","F","IF",60.8,55,1131,4.73,4.77,2.89
"242",0.4,"Ideal","F","VS2",63.4,54,1059,4.73,4.68,2.99
"243",0.59,"Premium","H","VS2",60.7,56,1572,5.46,5.41,3.3
"244",0.52,"Ideal","E","VS2",61.5,56,1694,5.2,5.18,3.19
"245",1,"Fair","F","SI1",67.1,57,4328,6.06,6.1,4.08
"246",1.5,"Fair","H","SI2",66,64,5000,7.1,6.97,4.64
"247",0.32,"Very Good","E","VVS1",60.8,58,954,4.38,4.41,2.67
"248",2.06,"Very Good","I","SI2",62.3,57,14298,8.12,8.2,5.09
"249",1.01,"Premium","D","SI1",60.7,58,5599,6.42,6.49,3.92
"250",1.6,"Ideal","G","VS2",61.9,56,15000,7.53,7.47,4.64
"251",0.33,"Ideal","F","SI1",60.6,56,550,4.46,4.49,2.71
"252",0.91,"Very Good","H","SI1",62.7,56,3762,6.14,6.18,3.86
"253",3,"Premium","G","I1",59.7,60,13203,9.42,9.26,5.58
"254",0.41,"Ideal","G","IF",61.7,56,1431,4.8,4.77,2.95
"255",0.31,"Ideal","G","VVS1",61.4,57,772,4.37,4.39,2.68
"256",1,"Premium","H","SI2",59.4,60,3360,6.55,6.49,3.87
"257",0.3,"Ideal","D","VVS1",61.3,57,1069,4.32,4.29,2.64
"258",0.38,"Ideal","F","VVS1",62.3,54,1096,4.64,4.7,2.91
"259",0.32,"Premium","G","IF",61,59,952,4.41,4.38,2.68
"260",1.5,"Premium","H","VS2",60.8,59,10291,7.34,7.36,4.47
"261",1.24,"Ideal","I","SI2",61.9,57,5221,6.87,6.92,4.27
"262",0.3,"Ideal","I","SI1",61.7,57,422,4.3,4.32,2.66
"263",0.71,"Ideal","I","VVS2",61.4,58,2559,5.7,5.76,3.52
"264",0.54,"Premium","H","VS1",61.3,58,1637,5.25,5.22,3.21
"265",0.32,"Ideal","E","VS2",62.2,55,702,4.36,4.38,2.72
"266",0.41,"Ideal","G","VS2",61.4,54,827,4.77,4.84,2.95
"267",1,"Fair","E","SI2",67,53,3136,6.19,6.13,4.13
"268",1.05,"Premium","H","SI2",61.7,59,3352,6.59,6.53,4.05
"269",0.41,"Premium","J","VS1",61.3,59,830,4.78,4.74,2.92
"270",1.3,"Premium","I","IF",61.8,58,7621,6.95,7,4.31
"271",0.55,"Ideal","F","VS1",61.4,55,1901,5.28,5.24,3.23
"272",1.08,"Premium","G","VS2",59.4,59,6532,6.75,6.68,3.99
"273",0.8,"Premium","G","IF",62.6,58,4193,5.93,5.89,3.7
"274",1.5,"Fair","G","SI2",64.7,55,7972,7.16,7.13,4.62
"275",1.19,"Ideal","G","VVS2",60.7,57,9587,6.8,6.85,4.14
"276",1.01,"Fair","I","SI2",66.1,58,3054,6.21,6.04,4.05
"277",0.37,"Ideal","D","VS2",61.1,54,763,4.63,4.66,2.84
"278",0.3,"Premium","G","VS1",62.2,59,776,4.31,4.28,2.67
"279",0.41,"Very Good","H","VS1",62,56,827,4.74,4.78,2.95
"280",0.71,"Very Good","E","VVS1",57.9,61,3907,5.88,5.96,3.43
"281",0.3,"Ideal","D","VS2",62.6,56,911,4.31,4.28,2.69
"282",0.79,"Premium","H","VS2",62.6,61,2726,5.9,5.86,3.68
"283",0.38,"Ideal","D","VS1",62.5,56,1067,4.64,4.67,2.91
"284",0.31,"Ideal","D","VS2",61.9,56,734,4.34,4.38,2.7
"285",0.96,"Very Good","G","SI1",60.3,57,4265,6.35,6.38,3.84
"286",0.41,"Ideal","G","IF",62.4,54,1259,4.76,4.79,2.98
"287",0.41,"Very Good","G","VS1",60.6,56,976,4.83,4.87,2.94
"288",0.81,"Ideal","F","VS1",61.8,55,4270,5.97,6.03,3.71
"289",1.01,"Ideal","G","SI1",60.8,56,5204,6.53,6.49,3.96
"290",0.24,"Very Good","F","VS2",59.6,58,419,4.08,4.11,2.44
"291",0.9,"Premium","H","VS1",61.5,59,4064,6.19,6.13,3.79
"292",1.1,"Very Good","I","SI2",62.8,57,4083,6.56,6.63,4.14
"293",0.72,"Ideal","D","SI1",61.5,54,2804,5.77,5.8,3.56
"294",1.21,"Ideal","E","VS2",61.8,53,10556,6.86,6.9,4.25
"295",1.22,"Premium","E","I1",60.9,57,2862,6.93,6.88,4.21
"296",0.31,"Ideal","F","IF",61.1,55,901,4.41,4.43,2.7
"297",0.78,"Good","F","SI2",62.7,61,2444,5.8,5.84,3.65
"298",0.71,"Very Good","I","VVS2",60.6,56,2586,5.82,5.77,3.51
"299",0.88,"Ideal","F","SI1",62.3,53,4054,6.12,6.15,3.82
"300",1.2,"Very Good","H","SI2",58.8,61,5211,6.94,6.98,4.09
"301",0.3,"Premium","J","SI2",59.3,61,405,4.43,4.38,2.61
"302",0.3,"Premium","J","VS1",62.6,58,506,4.32,4.27,2.69
"303",0.5,"Very Good","H","VS1",62.5,59,1429,5.01,5.04,3.14
"304",0.5,"Ideal","F","VVS1",62,58,2018,5.06,5.07,3.14
"305",0.4,"Ideal","E","VS1",62.6,56,1125,4.72,4.67,2.94
"306",0.51,"Very Good","E","SI1",61.6,53,1315,5.16,5.19,3.19
"307",0.33,"Premium","D","VS2",60.7,58,1002,4.5,4.46,2.72
"308",0.41,"Ideal","F","VS2",61.8,57,1107,4.78,4.73,2.94
"309",0.34,"Ideal","H","IF",60.8,56,988,4.56,4.55,2.77
"310",0.3,"Ideal","G","VS1",62.4,57,624,4.3,4.32,2.69
"311",0.33,"Premium","I","SI1",61.4,58,572,4.5,4.46,2.75
"312",0.32,"Ideal","F","VS2",61.3,56,828,4.43,4.41,2.71
"313",1.08,"Good","D","SI1",63.8,59,5927,6.47,6.39,4.1
"314",1.83,"Very Good","F","SI1",63.2,56,11782,7.78,7.73,4.9
"315",1,"Ideal","E","SI2",62.9,56,3450,6.32,6.3,3.97
"316",1.08,"Premium","D","VS2",61.2,60,7824,6.63,6.61,4.05
"317",0.51,"Ideal","G","VS1",62.3,53.5,1652,5.09,5.14,3.19
"318",0.7,"Good","D","VS2",64.1,59,3087,5.49,5.56,3.54
"319",1.04,"Ideal","E","SI2",62,55,4892,6.51,6.48,4.03
"320",0.92,"Very Good","F","SI1",62.2,55,4621,6.19,6.26,3.87
"321",0.36,"Premium","D","VS2",61.8,58,852,4.55,4.58,2.82
"322",1.2,"Ideal","H","VS2",62.2,55,6956,6.76,6.85,4.23
"323",1.75,"Premium","I","SI1",60.8,58,7644,7.83,7.79,4.75
"324",0.43,"Ideal","E","VS2",62.1,56,981,4.83,4.87,3.01
"325",0.27,"Very Good","F","VVS2",61.8,57,682,4.15,4.17,2.57
"326",1.61,"Ideal","D","VS2",62,55,18318,7.51,7.5,4.67
"327",1.02,"Ideal","G","VS2",62.4,57,5346,6.47,6.36,4
"328",0.51,"Ideal","F","VS2",61.3,56,1562,5.17,5.14,3.16
"329",0.3,"Very Good","H","VVS1",61.1,61,638,4.27,4.3,2.62
"330",0.75,"Ideal","I","VS1",61.9,54.1,2564,5.82,5.85,3.61
"331",0.3,"Premium","G","VVS2",61.9,59,684,4.25,4.28,2.64
"332",2.13,"Premium","H","SI2",62.4,56,12753,8.26,8.19,5.13
"333",2.22,"Ideal","I","SI2",62.7,61,14416,8.31,8.23,5.19
"334",0.76,"Ideal","H","SI2",61.7,56,2404,5.88,5.86,3.62
"335",2.2,"Very Good","I","SI2",60.2,60,15424,8.42,8.49,5.09
"336",0.43,"Ideal","H","SI1",62.4,56,716,4.81,4.83,3.01
"337",0.27,"Very Good","E","VVS2",62,60,552,4.15,4.17,2.58
"338",0.52,"Ideal","G","VS1",61.3,56,1576,5.17,5.2,3.18
"339",0.91,"Ideal","E","SI1",61.9,55,5458,6.21,6.23,3.85
"340",0.52,"Very Good","E","SI2",62.4,59,1175,5.13,5.16,3.21
"341",0.32,"Premium","E","VVS1",60.5,58,1020,4.47,4.42,2.69
"342",1.01,"Ideal","I","VS1",60.3,57,5231,6.51,6.53,3.93
"343",0.23,"Very Good","F","VVS2",59.6,57,530,3.98,4,2.38
"344",1.03,"Ideal","G","SI1",60.9,57,5037,6.54,6.5,3.97
"345",0.49,"Good","F","VS1",59.2,60.9,1294,5.08,5.18,3.04
"346",0.7,"Premium","E","VS2",61,59,3199,5.74,5.7,3.49
"347",0.32,"Ideal","F","VS2",61.7,55,645,4.4,4.41,2.72
"348",2.01,"Ideal","H","SI1",61.9,57,17403,8.14,8.05,5.01
"349",0.3,"Premium","H","VVS1",61.3,61,878,4.29,4.26,2.62
"350",1.51,"Ideal","J","VS1",61.3,61,8298,7.34,7.4,4.52
"351",1.19,"Good","I","SI1",63.7,57.2,5236,6.69,6.73,4.28
"352",0.91,"Very Good","F","SI1",60.1,58,3879,6.3,6.35,3.8
"353",0.44,"Premium","E","VS2",62.3,59,1003,4.81,4.91,3.03
"354",1.29,"Premium","H","SI1",61.6,57,6588,7.02,6.97,4.31
"355",0.33,"Ideal","H","VVS1",62.5,56,901,4.44,4.42,2.77
"356",0.82,"Premium","E","SI1",61.2,61,3211,5.98,5.95,3.65
"357",0.73,"Premium","E","VS2",62,60,2902,5.76,5.73,3.56
"358",0.7,"Very Good","J","VVS1",63.3,55,2042,5.63,5.68,3.58
"359",1.5,"Premium","H","IF",63,59,13107,7.3,7.23,4.58
"360",1.53,"Ideal","H","SI2",61.2,56,9562,7.46,7.43,4.56
"361",0.39,"Ideal","D","VVS2",61.8,57,1232,4.67,4.71,2.9
"362",2.01,"Very Good","G","SI1",63.2,56,16742,8.04,7.96,5.06
"363",0.31,"Ideal","F","VVS2",62.2,53,706,4.37,4.41,2.73
"364",0.32,"Very Good","H","VS1",63,57,561,4.37,4.39,2.76
"365",1.33,"Premium","G","SI2",60.3,58,6685,7.19,7.16,4.33
"366",1.35,"Premium","H","VS2",61.5,58,8062,7.15,7.09,4.38
"367",0.42,"Very Good","E","SI1",60,61,743,4.85,4.88,2.92
"368",0.94,"Premium","D","VS1",62.3,58,5980,6.34,6.28,3.93
"369",0.92,"Premium","F","SI2",61.8,58,3787,6.23,6.19,3.84
"370",0.71,"Very Good","G","VS2",60.4,61,2492,5.77,5.81,3.5
"371",0.3,"Premium","D","VS2",61,60,710,4.29,4.33,2.63
"372",1.13,"Ideal","H","SI1",61.5,56,6075,6.69,6.71,4.12
"373",1.16,"Ideal","E","SI1",61.9,55,6755,6.74,6.79,4.19
"374",0.33,"Ideal","E","VS2",61.9,54,928,4.47,4.42,2.75
"375",1.03,"Very Good","D","SI2",61.3,61,4679,6.46,6.49,3.97
"376",0.36,"Premium","D","VS2",60.5,58,1094,4.63,4.6,2.79
"377",0.32,"Ideal","E","VVS1",62.2,55,827,4.37,4.41,2.73
"378",0.41,"Ideal","F","SI1",61.4,56,824,4.77,4.8,2.94
"379",0.4,"Ideal","G","VS2",62.9,56,1035,4.72,4.69,2.96
"380",0.32,"Ideal","E","IF",62.9,54,1018,4.37,4.41,2.76
"381",0.27,"Very Good","E","VVS1",60,58,544,4.21,4.22,2.53
"382",0.34,"Ideal","F","VS2",62.6,54,880,4.48,4.46,2.8
"383",1.01,"Premium","I","SI1",62.3,58,4355,6.44,6.4,4
"384",2.18,"Very Good","I","SI2",63.3,58,12220,8.22,8.18,5.19
"385",1,"Very Good","D","SI2",63.4,58,3304,6.33,6.3,4.01
"386",0.32,"Premium","D","SI1",60.8,58,756,4.44,4.41,2.69
"387",0.41,"Ideal","E","VVS1",61.3,55,1367,4.76,4.8,2.93
"388",0.4,"Very Good","D","SI1",63,57,720,4.66,4.7,2.95
"389",0.59,"Fair","F","VS2",64.4,56,2443,5.31,5.28,3.41
"390",1.03,"Fair","H","SI1",65.1,57,3617,6.43,6.36,4.16
"391",1.01,"Fair","F","VS2",69,61,6041,6.06,5.99,4.16
"392",1.5,"Ideal","I","VS2",62.4,54.1,9730,7.3,7.35,4.57
"393",0.51,"Very Good","F","VS2",58.6,58,1774,5.22,5.29,3.08
"394",0.6,"Ideal","D","SI1",61.4,55,2263,5.45,5.47,3.35
"395",0.51,"Premium","G","VS1",62.1,60,1656,5.1,5.11,3.17
"396",1.51,"Premium","G","SI2",60,60,6266,7.45,7.4,4.48
"397",0.53,"Ideal","H","SI2",61.6,54,1020,5.22,5.26,3.23
"398",0.58,"Ideal","H","SI1",60.2,57,1421,5.47,5.43,3.28
"399",1.01,"Premium","E","VS2",62.9,59,6606,6.36,6.3,3.98
"400",1.01,"Ideal","H","SI1",62.3,55,5029,6.46,6.45,4.02
"401",0.5,"Ideal","E","SI2",61.4,57,1240,5.14,5.09,3.14
"402",0.91,"Ideal","D","SI2",62.6,54,4067,6.22,6.25,3.9
"403",0.24,"Premium","G","VVS1",62.3,59,554,3.95,3.92,2.45
"404",0.9,"Very Good","D","IF",62.4,54,9182,6.17,6.21,3.86
"405",1.14,"Ideal","J","VS1",61.6,56,5339,6.71,6.73,4.14
"406",0.3,"Premium","F","VS2",62.5,58,776,4.32,4.29,2.69
"407",0.3,"Very Good","H","VVS1",61,55,631,4.35,4.39,2.66
"408",2.1,"Premium","J","VS2",61.3,59,14359,8.27,8.21,5.05
"409",0.9,"Very Good","I","VVS1",63.5,58,4161,6.06,6.09,3.86
"410",0.51,"Ideal","E","SI1",62.9,57,1624,5.1,5.09,3.2
"411",1.71,"Premium","J","VS2",60.3,61,8887,7.74,7.69,4.65
"412",0.52,"Very Good","G","SI1",60,57,1267,5.25,5.29,3.16
"413",2.21,"Very Good","F","SI2",61,58,18483,8.36,8.43,5.12
"414",2.01,"Premium","I","SI1",60.5,58,12829,8.2,8.06,4.92
"415",0.5,"Very Good","D","VS2",61.2,55,1682,5.07,5.12,3.12
"416",1.51,"Premium","G","VS2",62.7,58,12756,7.2,7.31,4.55
"417",0.73,"Very Good","F","SI1",63.5,56,2360,5.68,5.72,3.62
"418",1.01,"Very Good","G","VS1",63.2,58,6618,6.38,6.34,4.02
"419",0.4,"Ideal","I","VVS2",62,54,758,4.74,4.77,2.95
"420",0.32,"Very Good","I","SI1",61.6,61,421,4.36,4.4,2.7
"421",1.31,"Premium","J","VS2",62,59,6822,7.04,6.97,4.34
"422",0.51,"Very Good","G","VVS2",62.2,56,1762,5.1,5.13,3.18
"423",0.33,"Premium","I","VS2",60.6,58,463,4.44,4.47,2.7
"424",0.93,"Ideal","I","SI1",61.9,57,3359,6.23,6.21,3.85
"425",0.71,"Ideal","E","SI2",61.2,57,2398,5.74,5.82,3.54
"426",2.27,"Fair","G","I1",68.6,56,7131,7.99,7.94,5.47
"427",1.06,"Premium","H","SI1",61.6,59,4872,6.55,6.54,4.03
"428",0.64,"Ideal","H","IF",60.5,57,2420,5.58,5.62,3.39
"429",0.41,"Very Good","E","SI1",63.2,58,904,4.72,4.68,2.97
"430",0.9,"Ideal","D","SI1",62.5,57,4579,6.12,6.2,3.85
"431",0.52,"Ideal","D","VS1",61.3,56,2550,5.21,5.22,3.2
"432",0.71,"Very Good","D","VS2",59.7,55,3203,5.85,5.88,3.5
"433",1,"Good","F","SI1",64.9,57,4844,6.25,6.32,4.08
"434",1.09,"Premium","G","SI2",59,58,4456,6.78,6.72,3.98
"435",2.27,"Fair","J","I1",67.6,55,5733,8.05,8,5.43
"436",1.01,"Very Good","F","SI1",62.8,58,4759,6.35,6.43,4.01
"437",1.5,"Very Good","E","SI2",60.7,55,9900,7.39,7.44,4.5
"438",2.4,"Premium","J","SI1",59.7,58,16304,8.75,8.71,5.21
"439",1,"Very Good","F","IF",60.1,57,10346,6.45,6.52,3.9
"440",1.5,"Good","E","SI2",63.5,59,9281,7.25,7.28,4.61
"441",0.72,"Ideal","F","VS2",62,56,2943,5.77,5.75,3.57
"442",0.54,"Ideal","H","VS2",62.6,57,1389,5.24,5.2,3.27
"443",1,"Ideal","H","SI2",62.6,56,4256,6.38,6.34,3.98
"444",1.05,"Ideal","E","VS1",62.6,57,7762,6.5,6.44,4.05
"445",1.04,"Good","J","SI2",63.8,56,3204,6.36,6.32,4.05
"446",1.6,"Ideal","F","VS2",60.2,55.5,16240,7.6,7.66,4.59
"447",0.32,"Ideal","H","VS2",62.8,55,648,4.41,4.38,2.76
"448",0.81,"Ideal","E","SI2",62.1,55,3101,5.94,5.98,3.7
"449",1.12,"Ideal","F","VVS1",61,56,11403,6.71,6.74,4.1
"450",0.38,"Ideal","E","SI1",61.1,55,844,4.69,4.73,2.88
"451",0.31,"Very Good","E","SI1",63.1,54,698,4.34,4.31,2.73
"452",0.31,"Premium","H","VS2",61.9,58,628,4.39,4.37,2.71
"453",1.33,"Premium","G","VS1",62.7,58,9699,6.96,7.01,4.38
"454",1.01,"Premium","G","SI1",63,58,4525,6.35,6.29,3.98
"455",0.54,"Ideal","F","VS2",60.1,56,1786,5.31,5.28,3.18
"456",0.3,"Ideal","G","VS2",62.5,53,675,4.3,4.27,2.68
"457",0.74,"Ideal","E","VVS2",62.2,57,4082,5.78,5.83,3.61
"458",1.52,"Good","F","VS2",64.2,59,11696,7.16,7.2,4.61
"459",0.31,"Ideal","J","VS2",62.3,54,396,4.35,4.38,2.72
"460",1.03,"Ideal","G","SI1",60.1,59,5111,6.6,6.57,3.96
"461",1.31,"Good","H","SI2",64.1,57,5429,6.9,6.84,4.41
"462",1.21,"Premium","F","VS2",61.5,57,8877,6.81,6.74,4.17
"463",0.31,"Ideal","F","IF",62.3,57,1122,4.34,4.3,2.69
"464",0.33,"Very Good","I","SI1",61.4,58,445,4.46,4.5,2.75
"465",1.03,"Ideal","H","VVS2",62.2,55,6638,6.43,6.49,4.03
"466",0.52,"Premium","G","SI1",59.7,60,1306,5.22,5.2,3.11
"467",0.77,"Premium","F","VS2",62.4,59,3018,5.85,5.81,3.64
"468",1.04,"Very Good","D","SI2",63.1,58,3780,6.39,6.33,4.01
"469",1.13,"Premium","H","VS2",60.6,58,5885,6.81,6.72,4.1
"470",0.71,"Premium","H","VVS2",61.5,62,2863,5.74,5.68,3.51
"471",1.07,"Ideal","G","SI2",62,57,4401,6.58,6.55,4.07
"472",0.71,"Ideal","D","SI1",61.7,57,2863,5.75,5.7,3.53
"473",0.32,"Ideal","D","SI1",61.3,55,756,4.42,4.39,2.7
"474",0.31,"Ideal","D","VS2",62.1,54,734,4.34,4.36,2.7
"475",0.59,"Ideal","E","VVS1",62,56,2829,5.36,5.38,3.33
"476",1.21,"Ideal","H","VS2",63,57,6134,6.73,6.7,4.23
"477",1.01,"Very Good","H","VS2",63.3,58,4692,6.33,6.27,3.99
"478",2.05,"Very Good","I","SI2",59.8,56,12839,8.32,8.41,5
"479",1.02,"Premium","G","IF",61.8,59,8643,6.46,6.41,3.98
"480",1.35,"Premium","H","VS1",62.3,58,8543,7.1,7.05,4.41
"481",0.7,"Fair","G","I1",64.6,59,1115,5.64,5.48,3.6
"482",0.41,"Very Good","J","IF",63.5,54,1061,4.75,4.7,3
"483",0.52,"Ideal","D","SI2",61.7,55,1292,5.17,5.2,3.2
"484",0.4,"Premium","F","VS1",60.3,60,1050,4.81,4.77,2.89
"485",1.06,"Ideal","G","VS1",61.1,57,8285,6.54,6.61,4.02
"486",0.31,"Very Good","G","SI1",62.8,55,462,4.32,4.38,2.73
"487",1,"Premium","F","VVS2",61.9,61,7204,6.45,6.32,3.95
"488",1.24,"Premium","G","VVS2",59.9,60,10388,7,6.98,4.19
"489",0.9,"Ideal","G","VVS1",62.8,56,5978,6.12,6.18,3.86
"490",0.56,"Premium","G","VS1",61,60,1999,5.39,5.32,3.27
"491",1.02,"Very Good","F","SI1",62.5,57,4948,6.35,6.41,3.99
"492",1.29,"Good","J","VS2",58.2,61,5898,7.07,7.12,4.13
"493",0.53,"Ideal","G","IF",60.3,56,2293,5.29,5.33,3.2
"494",1.16,"Premium","F","SI2",61.2,61,4820,6.77,6.74,4.14
"495",0.7,"Very Good","F","VS2",61.6,60,2737,5.59,5.65,3.46
"496",0.39,"Ideal","D","VS1",61.8,57,979,4.68,4.7,2.9
"497",1,"Good","E","VVS1",64.1,62,7084,6.29,6.26,4.02
"498",1.01,"Premium","D","SI1",58.3,58,5305,6.65,6.59,3.86
"499",0.55,"Ideal","G","VVS1",61.2,56,2632,5.27,5.29,3.23
"500",0.4,"Premium","E","SI2",62.9,58,855,4.74,4.7,2.97
"501",1.29,"Premium","I","SI2",61.1,62,4291,7,6.94,4.26
"502",0.25,"Very Good","G","VS2",63,54,407,4.04,4.06,2.55
"503",0.23,"Very Good","F","VVS2",61.7,55,498,3.99,4.05,2.48
"504",0.3,"Ideal","F","VS2",62.3,58,569,4.26,4.23,2.64
"505",1.5,"Very Good","H","SI1",61,55,9987,7.35,7.44,4.51
"506",0.62,"Premium","E","VS1",62.2,58,2196,5.41,5.46,3.38
"507",1.23,"Ideal","I","VS1",61.5,56,6435,6.86,6.89,4.23
"508",2.03,"Ideal","G","SI1",60,55.8,18757,8.17,8.3,4.95
"509",0.3,"Ideal","H","IF",61.8,57,764,4.31,4.36,2.68
"510",0.42,"Premium","I","SI2",61.5,59,709,4.84,4.78,2.96
"511",0.37,"Ideal","D","VS2",62.3,55,763,4.59,4.62,2.87
"512",0.41,"Ideal","D","VS1",61.8,57,1230,4.8,4.75,2.95
"513",0.32,"Ideal","E","IF",60.6,60,1004,4.43,4.45,2.69
"514",0.4,"Ideal","F","VVS2",61.7,56,1163,4.74,4.72,2.92
"515",0.51,"Very Good","H","SI1",62,57,1170,5.11,5.19,3.19
"516",0.31,"Ideal","H","VS2",61.3,56,507,4.36,4.38,2.68
"517",0.53,"Ideal","D","VS2",61.5,56,1956,5.23,5.17,3.2
"518",0.9,"Premium","G","SI1",60.6,57,4455,6.28,6.2,3.78
"519",0.72,"Premium","G","VS2",62.9,57,2795,5.73,5.65,3.58
"520",0.64,"Very Good","E","VVS2",61.8,59,3541,5.51,5.53,3.41
"521",0.33,"Very Good","H","VVS2",61.6,56,614,4.44,4.47,2.74
"522",1.01,"Fair","J","VS2",59.6,62,3886,6.54,6.49,3.88
"523",1.35,"Premium","E","SI2",61.5,58,5758,7.11,7.06,4.36
"524",0.61,"Ideal","I","VVS1",62.5,54,1713,5.43,5.49,3.41
"525",0.85,"Fair","H","I1",61,61,1324,6.2,6,3.73
"526",1.01,"Ideal","G","SI2",61.7,56,4260,6.47,6.43,3.98
"527",1.2,"Good","D","SI2",63.7,52,6344,6.72,6.68,4.27
"528",0.4,"Ideal","G","VVS1",61.7,55,1097,4.75,4.78,2.94
"529",0.3,"Very Good","I","VS1",63,53,473,4.26,4.31,2.7
"530",0.31,"Very Good","E","VS1",61.9,56,636,4.32,4.37,2.69
"531",0.51,"Very Good","E","SI1",62.8,61,1343,5.06,5.07,3.18
"532",0.72,"Ideal","F","SI1",61.2,55,2737,5.78,5.82,3.55
"533",0.57,"Ideal","E","VS1",61.8,55,2192,5.34,5.39,3.32
"534",0.59,"Very Good","D","VS2",59.2,56,1986,5.47,5.54,3.26
"535",0.36,"Ideal","G","VS1",61.5,58,725,4.59,4.61,2.83
"536",0.73,"Premium","E","SI1",62.2,59,2821,5.77,5.68,3.56
"537",2.04,"Ideal","I","SI1",60,60,15308,8.3,8.26,4.97
"538",0.54,"Ideal","H","SI1",61,56,1154,5.24,5.28,3.21
"539",1.52,"Fair","F","SI2",56.3,64,8938,7.68,7.62,4.31
"540",1.26,"Very Good","F","IF",60,60,14095,7.04,7.09,4.24
"541",0.38,"Premium","D","VVS2",61.9,56,1257,4.65,4.63,2.87
"542",0.25,"Very Good","F","VVS2",62.4,55,633,4.03,4.06,2.52
"543",0.71,"Very Good","H","SI2",62.2,55.1,2339,5.7,5.72,3.55
"544",0.51,"Very Good","E","VVS2",60,58,2062,5.19,5.21,3.12
"545",0.38,"Premium","I","VS2",61.7,59,633,4.6,4.64,2.85
"546",1.12,"Ideal","G","VS2",62.2,54,7193,6.65,6.7,4.15
"547",0.57,"Premium","F","VS1",59.9,59,1689,5.35,5.4,3.22
"548",0.5,"Very Good","D","VS1",63.1,57,1715,5.04,5,3.17
"549",0.55,"Very Good","E","SI2",59.6,57,1145,5.34,5.39,3.2
"550",0.76,"Ideal","F","SI1",61.7,55,2682,5.87,5.9,3.63
"551",0.52,"Ideal","F","VS2",63,56,1605,5.16,5.1,3.23
"552",1.01,"Premium","F","SI2",61.8,56,4257,6.43,6.38,3.96
"553",1,"Good","H","VS2",63.6,61,4722,6.25,6.21,3.96
"554",1.14,"Good","I","VS1",63.3,56,5056,6.6,6.68,4.2
"555",0.58,"Ideal","I","VS2",61.8,55,1626,5.36,5.38,3.32
"556",0.24,"Premium","D","VS2",61.4,55,485,4.05,3.99,2.47
"557",0.41,"Ideal","F","VVS2",61.9,55,1115,4.74,4.79,2.95
"558",0.79,"Premium","E","VS2",59.4,60,3230,6.08,6.05,3.6
"559",1.01,"Good","F","SI1",63.8,59,4989,6.32,6.29,4.02
"560",0.3,"Ideal","H","VVS2",62.1,56,776,4.32,4.28,2.67
"561",0.51,"Premium","G","VS2",62.4,58,1546,5.12,5.11,3.19
"562",1.05,"Ideal","G","SI1",61.9,56,5361,6.51,6.55,4.04
"563",2.04,"Premium","J","VS1",62.6,58,14660,8.11,8.06,5.06
"564",0.33,"Ideal","G","VS2",62,57,579,4.44,4.47,2.76
"565",0.7,"Fair","E","SI1",66.7,59,2241,5.49,5.45,3.65
"566",0.4,"Ideal","D","VS2",61.5,55,1050,4.75,4.71,2.91
"567",0.77,"Very Good","J","VVS1",62.8,58,2532,5.78,5.84,3.65
"568",2.09,"Ideal","J","VS1",61.2,59,15172,8.31,8.22,5.06
"569",0.91,"Very Good","J","SI2",62.4,61,3169,6.13,6.2,3.85
"570",1.01,"Good","G","VVS2",63.2,59,7137,6.27,6.35,3.99
"571",0.31,"Ideal","G","SI2",60.5,57,523,4.4,4.36,2.65
"572",0.74,"Very Good","D","SI1",61.5,59,3138,5.76,5.82,3.56
"573",0.33,"Premium","D","SI1",60.4,60,608,4.41,4.46,2.68
"574",0.71,"Very Good","I","VS2",62.3,58,2052,5.68,5.72,3.55
"575",0.6,"Premium","D","SI2",61.3,61,1428,5.46,5.4,3.33
"576",0.62,"Premium","F","SI1",63,59,1777,5.43,5.39,3.41
"577",2.06,"Ideal","F","SI2",62.7,57,15970,8.19,8.09,5.1
"578",0.57,"Very Good","G","I1",59.5,56.9,929,5.42,5.46,3.24
"579",0.73,"Ideal","G","VS2",62.5,56,2586,5.78,5.74,3.6
"580",1.09,"Ideal","G","SI1",62.2,56,5022,6.6,6.55,4.09
"581",1.07,"Ideal","F","SI2",61.6,57,5405,6.56,6.53,4.03
"582",0.72,"Ideal","H","VS2",60.1,56,3122,5.85,5.88,3.52
"583",1.01,"Very Good","E","VVS2",61.7,60,9930,6.32,6.35,3.91
"584",1.5,"Premium","H","SI2",60.8,58,8148,7.39,7.34,4.48
"585",1.22,"Ideal","D","VS2",61.7,56,10538,6.89,6.86,4.24
"586",1.01,"Good","F","VVS2",63.6,60,6932,6.31,6.36,4.03
"587",0.53,"Ideal","G","VS1",62.4,54,1659,5.18,5.21,3.24
"588",0.54,"Very Good","E","VS2",62.6,60,1426,5.26,5.19,3.27
"589",0.3,"Ideal","H","SI1",62.4,53.7,442,4.29,4.31,2.68
"590",1.08,"Very Good","G","SI2",59.8,57,4241,6.66,6.72,4
"591",1.08,"Ideal","G","VS2",61.3,56,6706,6.62,6.59,4.05
"592",1.7,"Very Good","J","VS1",63.6,58,9683,7.52,7.54,4.79
"593",0.4,"Ideal","H","SI1",61.8,57,896,4.75,4.77,2.94
"594",1.56,"Premium","J","SI2",61.4,58,6306,7.38,7.43,4.55
"595",0.42,"Premium","H","VVS1",62,58,1068,4.79,4.82,2.98
"596",1.13,"Very Good","H","SI1",63.3,56,4689,6.65,6.62,4.2
"597",1.12,"Very Good","J","SI2",58.5,60,4066,6.83,6.89,4.01
"598",0.57,"Premium","E","SI2",61.2,57,1414,5.35,5.31,3.26
"599",0.74,"Premium","G","SI1",60.5,58,2553,5.93,5.88,3.57
"600",0.33,"Very Good","D","SI2",62.9,56,492,4.41,4.43,2.78
"601",0.51,"Ideal","H","SI2",62,55,1435,5.12,5.14,3.18
"602",1.08,"Very Good","E","SI1",63.1,59,5189,6.53,6.49,4.11
"603",0.85,"Ideal","H","SI2",61.8,54,2635,6.07,6.1,3.76
"604",1.01,"Very Good","E","SI2",61.8,56,4355,6.42,6.5,3.99
"605",0.35,"Ideal","D","SI1",61.5,56,780,4.54,4.57,2.8
"606",0.32,"Ideal","D","VS2",62.2,56,972,4.4,4.38,2.73
"607",2,"Premium","J","VS2",61.5,59,13675,8.11,8.06,4.97
"608",0.61,"Good","I","VS2",63.7,60,1239,5.34,5.28,3.38
"609",0.3,"Ideal","H","SI1",62.9,57,540,4.31,4.28,2.7
"610",0.5,"Very Good","E","SI2",61.6,58,1235,5.08,5.11,3.14
"611",0.31,"Ideal","H","VS2",61,57,507,4.38,4.41,2.68
"612",0.25,"Very Good","D","VVS1",63.8,54,533,3.94,3.99,2.53
"613",1,"Ideal","G","VVS1",62.3,56,7644,6.4,6.29,3.95
"614",0.36,"Very Good","G","VS1",59.7,56,726,4.64,4.67,2.78
"615",1.54,"Good","J","I1",61.7,60,4492,7.26,7.32,4.5
"616",0.7,"Premium","E","SI1",58.6,60,2657,5.78,5.75,3.38
"617",0.71,"Ideal","G","SI1",60.5,56.4,2751,5.76,5.8,3.5
"618",2.04,"Very Good","I","VS2",61,61,16616,8.08,8.14,4.95
"619",1.04,"Very Good","H","I1",61.6,61,3203,6.45,6.47,3.98
"620",1,"Ideal","G","VS2",62.3,56,5824,6.38,6.36,3.97
"621",0.52,"Very Good","E","SI1",62.9,59,1389,5.12,5.15,3.23
"622",1,"Very Good","H","VVS1",63.5,60,6296,6.36,6.3,4.02
"623",1.16,"Premium","H","VS2",62.3,56,6202,6.77,6.68,4.19
"624",1.73,"Very Good","I","SI1",60.9,59,11554,7.71,7.68,4.69
"625",1.51,"Good","E","SI1",63.6,56,12490,7.34,7.23,4.63
"626",0.43,"Very Good","F","VS2",61.3,59,905,4.81,4.84,2.96
"627",1.01,"Good","F","VS2",62.5,62,6089,6.32,6.38,3.97
"628",1.08,"Premium","D","I1",61.9,60,2869,6.55,6.48,4.03
"629",2.01,"Ideal","I","SI1",62.4,54,12617,8.04,7.96,5
"630",0.52,"Very Good","E","VS2",62.8,55,1621,5.11,5.15,3.22
"631",0.51,"Ideal","G","VVS1",62.6,57,2111,5.14,5.08,3.2
"632",0.48,"Premium","H","SI1",61.9,58,990,5.04,5.01,3.11
"633",0.72,"Ideal","G","VVS2",62.4,57,3139,5.71,5.76,3.58
"634",1.23,"Ideal","E","SI2",61.2,55,6403,7.01,6.92,4.26
"635",0.71,"Ideal","H","VVS2",61.7,57,3371,5.68,5.73,3.53
"636",1,"Fair","J","VS2",65.7,59,2811,6.14,6.07,4.01
"637",0.94,"Very Good","H","SI2",62.7,61,3624,6.21,6.24,3.9
"638",0.92,"Premium","F","SI2",61.8,58,3854,6.19,6.23,3.84
"639",1.23,"Ideal","F","VS1",61.3,57,8523,6.86,6.93,4.23
"640",0.4,"Very Good","H","VS1",62.6,58,807,4.68,4.71,2.94
"641",1.01,"Good","J","SI1",62.8,58,3399,6.28,6.33,3.96
"642",0.7,"Ideal","E","VS2",62.8,57,2697,5.71,5.62,3.56
"643",0.85,"Ideal","E","SI1",62.8,56,3503,6.05,6.02,3.79
"644",0.38,"Premium","F","SI1",62.7,58,898,4.62,4.6,2.89
"645",0.5,"Premium","D","VS2",62.8,58,1758,5.03,5,3.15
"646",0.48,"Ideal","J","VS1",62.2,54,861,5.01,5.06,3.13
"647",1.4,"Very Good","G","VS1",59.9,56,11584,7.31,7.34,4.39
"648",1.04,"Ideal","F","SI1",61.3,56,5882,6.55,6.5,4
"649",0.8,"Ideal","E","SI1",61.9,55,4125,5.94,5.98,3.69
"650",0.7,"Fair","F","SI1",64.8,60,2167,5.57,5.54,3.6
"651",0.55,"Ideal","F","VS1",60.3,57,1682,5.32,5.37,3.23
"652",1.04,"Premium","D","IF",60.6,56,15671,6.6,6.54,3.98
"653",0.57,"Very Good","E","SI2",58.8,57.3,1384,5.42,5.46,3.21
"654",0.7,"Premium","D","VS2",61,60,2909,5.75,5.7,3.49
"655",1.01,"Good","F","SI1",63.6,58,4989,6.37,6.31,4.03
"656",0.35,"Ideal","F","VVS2",62.1,56,956,4.56,4.52,2.82
"657",1.18,"Very Good","G","SI2",62.4,56,5562,6.8,6.83,4.25
"658",1.31,"Premium","H","SI1",62.4,58,7527,7.02,6.96,4.36
"659",0.3,"Ideal","E","VS2",62.3,56,603,4.27,4.3,2.67
"660",0.44,"Very Good","E","VS2",60.3,58,987,4.9,4.92,2.96
"661",0.32,"Ideal","F","IF",61.9,55,915,4.38,4.44,2.73
"662",0.23,"Very Good","F","VVS2",60.3,58,530,3.99,4.03,2.42
"663",0.36,"Premium","I","VS1",60.3,60,729,4.64,4.58,2.78
"664",1.01,"Ideal","H","SI1",62.4,53,4559,6.42,6.47,4.02
"665",0.54,"Ideal","H","SI1",60.6,57,1291,5.28,5.32,3.21
"666",0.3,"Ideal","D","SI1",61,56,552,4.3,4.33,2.63
"667",0.31,"Premium","F","VS2",62.3,59,802,4.34,4.29,2.69
"668",0.3,"Ideal","E","VVS2",61.8,56,789,4.31,4.33,2.67
"669",1.01,"Very Good","F","SI2",63.2,58,4299,6.43,6.3,4.02
"670",1.14,"Very Good","E","SI2",60,54,5593,6.74,6.97,4.11
"671",1.14,"Premium","H","SI2",60.6,59,4788,6.8,6.77,4.11
"672",0.53,"Ideal","G","VS1",62.1,57,1813,5.18,5.16,3.21
"673",1.51,"Premium","I","VS2",60.5,59,9682,7.44,7.41,4.49
"674",0.4,"Very Good","F","SI1",62.2,57,737,4.67,4.72,2.92
"675",1,"Fair","F","VS1",65.3,56,5833,6.28,6.25,4.09
"676",0.31,"Premium","D","VS1",59.6,58,683,4.38,4.41,2.62
"677",0.36,"Ideal","D","VS2",60.6,57,852,4.57,4.61,2.78
"678",1.01,"Premium","H","SI1",62.2,54,4707,6.48,6.41,4.01
"679",0.9,"Good","G","VS2",60.4,61,4547,6.23,6.32,3.79
"680",1.09,"Very Good","D","IF",61.7,58,18231,6.55,6.65,4.07
"681",1.1,"Ideal","G","VS1",61.5,57,6984,6.62,6.65,4.08
"682",1,"Good","F","VS2",64,59,5864,6.29,6.25,4.03
"683",2.02,"Fair","G","I1",65.6,57,6346,7.87,7.8,5.15
"684",0.34,"Premium","I","SI1",60,58,589,4.55,4.51,2.72
"685",0.32,"Good","F","VS2",63.6,57,828,4.37,4.34,2.77
"686",0.32,"Ideal","D","SI1",62.7,54,756,4.39,4.35,2.74
"687",1.51,"Premium","H","VS1",62.4,60,10939,7.34,7.27,4.56
"688",0.32,"Ideal","G","SI1",63,56,612,4.38,4.35,2.75
"689",0.66,"Very Good","F","SI2",61.6,54,1311,5.62,5.64,3.47
"690",0.7,"Ideal","F","VVS2",61.2,56,4114,5.73,5.78,3.52
"691",0.51,"Ideal","F","VS1",62.5,55,1836,5.13,5.08,3.19
"692",0.6,"Very Good","G","SI1",63.1,57,1565,5.32,5.41,3.39
"693",1,"Very Good","G","VVS2",62.3,58,7528,6.39,6.45,4
"694",0.72,"Premium","E","VS2",60.4,61,3024,5.79,5.76,3.49
"695",0.41,"Very Good","G","SI1",62.9,56,719,4.7,4.75,2.97
"696",0.9,"Very Good","I","SI1",61.7,58,3274,6.17,6.21,3.82
"697",0.5,"Good","E","SI1",63.3,59,1316,4.99,5.03,3.17
"698",0.54,"Ideal","G","SI1",62.5,56,1314,5.2,5.24,3.26
"699",1.05,"Very Good","H","SI1",63.5,57,4692,6.47,6.44,4.1
"700",0.34,"Ideal","E","VS1",61,57,805,4.49,4.52,2.75
"701",1.24,"Very Good","H","SI1",60.8,60,7050,6.9,6.94,4.21
"702",0.41,"Ideal","F","VS2",61.8,56,863,4.78,4.8,2.96
"703",1.04,"Very Good","D","SI1",58.9,58,6138,6.66,6.69,3.93
"704",0.35,"Good","J","SI1",63.3,56,409,4.5,4.53,2.86
"705",1.31,"Ideal","F","SI1",62.4,57,8227,6.96,6.88,4.32
"706",0.5,"Ideal","H","SI2",62.4,55,964,5.09,5.11,3.18
"707",1.01,"Very Good","D","SI1",63.3,57,5622,6.33,6.37,4.02
"708",0.5,"Very Good","H","VS2",62.3,58,1302,5.05,5.12,3.17
"709",0.31,"Ideal","E","VVS1",61.4,55,865,4.35,4.38,2.68
"710",0.34,"Ideal","E","VVS2",62.3,57,1071,4.48,4.44,2.78
"711",0.32,"Ideal","H","SI2",60.9,56,434,4.41,4.45,2.7
"712",0.51,"Very Good","E","VS2",63.5,57,1638,5.09,5.05,3.22
"713",0.31,"Ideal","G","VS2",61.4,57,544,4.33,4.37,2.67
"714",0.31,"Very Good","H","VS2",63.5,57,628,4.34,4.32,2.75
"715",1,"Good","H","VS1",62.1,64,4732,6.4,6.18,3.91
"716",2.13,"Premium","F","SI2",62.4,58,13760,8.22,8.16,5.11
"717",0.7,"Premium","J","VVS2",60.6,58,1764,5.73,5.82,3.5
"718",0.53,"Good","H","SI1",63.9,55,1242,5.19,5.14,3.3
"719",0.73,"Ideal","I","VS1",62.1,55.8,2302,5.77,5.81,3.6
"720",0.51,"Ideal","G","VVS2",62.1,58,1844,5.09,5.12,3.17
"721",1.1,"Very Good","F","SI1",58.9,63,5769,6.73,6.78,3.98
"722",0.38,"Ideal","F","SI2",62,55,568,4.67,4.69,2.9
"723",1.25,"Ideal","E","VVS2",60.9,60,13006,6.93,6.97,4.23
"724",0.43,"Premium","F","VS2",59.8,58,968,4.94,4.89,2.94
"725",0.51,"Ideal","D","VS2",61.6,56,1787,5.15,5.17,3.18
"726",0.5,"Good","E","VS2",63.1,61,1419,5,5.05,3.17
"727",1.02,"Premium","F","VS2",62.7,59,6220,6.41,6.44,4.03
"728",0.27,"Ideal","H","VS1",61.2,54,464,4.2,4.23,2.58
"729",0.4,"Very Good","H","VVS1",63.9,57,968,4.62,4.68,2.97
"730",0.35,"Ideal","G","VS2",61.3,56,807,4.55,4.58,2.8
"731",0.7,"Very Good","I","VVS1",61.2,58,2513,5.65,5.72,3.48
"732",0.3,"Ideal","D","VS2",62.5,57,710,4.25,4.29,2.67
"733",0.42,"Very Good","D","SI1",60.2,58,723,4.85,4.89,2.93
"734",0.9,"Good","F","SI1",62.9,57,3780,6.08,6.13,3.84
"735",0.27,"Ideal","H","VS2",61.7,56,451,4.13,4.17,2.56
"736",1,"Ideal","D","SI1",60.5,57,5880,6.52,6.48,3.93
"737",2.17,"Ideal","I","SI1",60.7,57,17747,8.38,8.42,5.1
"738",0.3,"Ideal","E","VVS1",60.5,57,956,4.39,4.34,2.64
"739",1.03,"Premium","G","VS1",60.7,58,6749,6.55,6.5,3.96
"740",0.73,"Ideal","G","SI1",61.4,57,3089,5.74,5.79,3.54
"741",0.48,"Very Good","F","VS2",62.6,55,1311,5,5.07,3.15
"742",2.01,"Premium","H","SI2",61.5,59,11635,8.12,8.08,4.98
"743",1.01,"Ideal","E","SI2",62.2,54,4751,6.43,6.39,3.99
"744",0.99,"Premium","F","SI2",60.6,61,4075,6.45,6.38,3.89
"745",0.5,"Ideal","H","SI1",61.9,56,1446,5.08,5.13,3.16
"746",0.36,"Very Good","E","VS1",60.6,58,894,4.61,4.63,2.8
"747",0.65,"Ideal","E","IF",62.3,56,4184,5.52,5.56,3.45
"748",0.51,"Good","F","SI1",63.6,58,1308,5.05,5.08,3.22
"749",1.51,"Premium","G","SI2",62.7,57,7145,7.33,7.29,4.58
"750",0.58,"Premium","E","VS2",61.5,58,2535,5.41,5.38,3.32
"751",0.51,"Ideal","G","VS2",62,56,1343,5.11,5.18,3.19
"752",1,"Premium","D","VS2",60.8,61,6776,6.41,6.39,3.89
"753",0.3,"Ideal","G","VS1",61.7,57,605,4.3,4.32,2.66
"754",0.51,"Good","E","SI1",63.5,54,1343,5.07,5.1,3.23
"755",1.25,"Ideal","F","VS1",62,55,9586,6.91,6.95,4.3
"756",0.89,"Premium","H","VS1",60.5,59,3489,6.22,6.17,3.75
"757",0.9,"Very Good","E","SI1",61.7,58,4795,6.15,6.2,3.81
"758",1.01,"Premium","F","VVS1",62.5,58,7741,6.35,6.41,3.99
"759",0.57,"Ideal","F","VVS2",60.6,56,2722,5.35,5.38,3.25
"760",0.9,"Premium","E","SI2",61.7,58,3830,6.18,6.11,3.79
"761",0.72,"Ideal","J","SI1",62.3,55,2154,5.73,5.76,3.58
"762",0.44,"Premium","J","VS1",61.9,57,891,4.9,4.83,3.01
"763",0.96,"Premium","E","SI1",58.7,62,4365,6.41,6.39,3.76
"764",0.59,"Very Good","G","VS2",61.5,59,1618,5.32,5.41,3.3
"765",0.7,"Very Good","G","VVS2",60.8,57,2931,5.72,5.76,3.49
"766",0.7,"Very Good","F","SI1",61.1,59,2264,5.68,5.78,3.5
"767",1.53,"Very Good","I","SI1",63,58,9183,7.24,7.32,4.59
"768",0.73,"Ideal","G","SI1",61.6,57,2278,5.81,5.79,3.57
"769",2.51,"Premium","H","SI2",60.6,61,14543,8.88,8.68,5.29
"770",0.31,"Ideal","G","VVS1",62.5,57,816,4.31,4.36,2.71
"771",0.34,"Ideal","G","SI1",61.9,55.5,531,4.49,4.54,2.79
"772",0.33,"Premium","G","VS1",61.9,58,854,4.46,4.43,2.75
"773",0.5,"Very Good","D","VS2",62.2,60,1378,5.15,5.05,3.17
"774",0.67,"Good","F","VVS2",63.8,61,2398,5.46,5.54,3.52
"775",0.71,"Ideal","E","VVS1",62,56,4802,5.69,5.73,3.54
"776",1.07,"Ideal","G","VVS2",61.8,55,8491,6.57,6.61,4.07
"777",1.25,"Good","H","SI1",63.7,58,6783,6.81,6.79,4.33
"778",1.02,"Ideal","G","SI1",60.5,59,4882,6.55,6.51,3.95
"779",1,"Ideal","D","SI1",61.7,57,5489,6.39,6.42,3.95
"780",0.52,"Very Good","G","VVS2",59.9,56,1833,5.22,5.27,3.14
"781",0.51,"Very Good","E","VS2",61.4,56,1612,5.15,5.18,3.17
"782",0.33,"Ideal","F","VVS1",61.8,53,880,4.48,4.51,2.78
"783",0.53,"Ideal","E","VVS2",62.4,56,2288,5.15,5.17,3.22
"784",0.44,"Ideal","G","SI2",61.1,55,694,4.93,4.95,3.02
"785",0.91,"Very Good","F","SI1",63.1,60,4188,6.13,6.17,3.88
"786",0.31,"Premium","D","VS2",62.6,59,734,4.3,4.33,2.7
"787",0.41,"Ideal","G","SI1",61.6,57,1110,4.77,4.81,2.95
"788",1.03,"Very Good","H","VS1",61.9,59,6294,6.44,6.49,4
"789",0.55,"Good","H","SI1",63.6,55,1175,5.18,5.23,3.31
"790",1.29,"Ideal","H","SI2",61.6,54,6300,7,7.02,4.32
"791",1.18,"Premium","E","I1",62.5,58,3965,6.75,6.62,4.18
"792",0.33,"Premium","E","SI1",60.9,58,579,4.46,4.5,2.73
"793",1.01,"Very Good","H","VS2",62.6,61,4821,6.35,6.4,3.99
"794",0.72,"Premium","H","SI1",62.5,57,2398,5.73,5.67,3.56
"795",0.38,"Ideal","F","VVS1",61.9,54,1257,4.7,4.67,2.9
"796",0.71,"Good","G","VS2",63.5,59,2029,5.63,5.67,3.59
"797",0.85,"Premium","D","SI2",58.5,60,3398,6.23,6.21,3.64
"798",1.12,"Very Good","I","SI2",61.2,59,4533,6.69,6.74,4.11
"799",1.02,"Ideal","F","VS1",61.5,56,7916,6.47,6.5,3.99
"800",1.05,"Ideal","H","IF",61.2,55,7329,6.62,6.59,4.04
"801",0.51,"Good","H","SI1",63.6,57,1116,5.09,5.04,3.22
"802",0.33,"Ideal","G","VVS1",61.7,55,838,4.48,4.5,2.77
"803",1.51,"Ideal","F","VS2",63,55,14414,7.29,7.24,4.58
"804",0.31,"Very Good","E","SI1",62.7,58,544,4.31,4.33,2.71
"805",0.34,"Good","H","SI1",63.3,56,490,4.45,4.46,2.82
"806",0.52,"Ideal","J","SI1",62,54,930,5.15,5.18,3.2
"807",0.51,"Very Good","E","VS2",63.6,59,1577,4.99,5.07,3.2
"808",1.36,"Ideal","F","SI2",62,56,7157,7.08,7.11,4.4
"809",2.28,"Premium","H","SI2",62.1,59,18055,8.44,8.4,5.23
"810",0.71,"Premium","G","SI1",62.5,58,2613,5.66,5.61,3.52
"811",0.31,"Very Good","D","SI2",62.9,54,462,4.3,4.35,2.72
"812",1.22,"Ideal","G","VS1",61.3,56,8313,6.93,6.88,4.23
"813",0.9,"Good","H","SI1",60.5,64,3125,6.18,6.11,3.72
"814",0.3,"Ideal","I","VS1",62.5,54,473,4.29,4.32,2.69
"815",0.5,"Good","E","SI1",64,56,1147,5.03,4.9,3.18
"816",1,"Very Good","E","SI2",63.2,56,3763,6.4,6.32,4.02
"817",0.78,"Very Good","D","VS2",58.5,56,3298,6.08,6.12,3.57
"818",0.34,"Fair","F","VS2",64.7,55,816,4.52,4.41,2.89
"819",1,"Fair","I","I1",66.9,57,1997,6.15,6.03,4.09
"820",0.53,"Premium","E","VVS1",60.8,59,2514,5.23,5.17,3.16
"821",0.43,"Ideal","E","VVS2",60.8,57,1135,4.9,4.87,2.97
"822",1.08,"Very Good","H","SI1",63.4,57,5286,6.54,6.51,4.14
"823",0.58,"Very Good","D","VVS2",60,55,2714,5.44,5.49,3.28
"824",0.65,"Premium","G","SI1",59.9,59,1712,5.69,5.62,3.39
"825",0.85,"Fair","G","VS1",57.7,67,2998,6.26,6.19,3.59
"826",2.01,"Very Good","H","SI2",63.4,60,11780,7.97,7.89,5.03
"827",1.02,"Premium","D","SI2",59.7,60,5198,6.58,6.55,3.92
"828",2,"Premium","H","SI2",62.5,58,12940,8.14,8.03,5.05
"829",0.53,"Premium","D","VS2",60.2,58,1904,5.26,5.23,3.16
"830",1.22,"Premium","G","VS2",61.2,58,7870,6.91,6.81,4.2
"831",0.63,"Ideal","E","VVS1",62.4,56,3161,5.48,5.52,3.43
"832",0.27,"Ideal","E","VVS1",62.3,56,622,4.15,4.17,2.59
"833",0.95,"Ideal","H","SI1",61.9,56,4508,6.29,6.35,3.91
"834",0.38,"Ideal","D","SI1",61.3,57,884,4.67,4.7,2.87
"835",0.2,"Premium","D","VS2",61.7,60,367,3.77,3.72,2.31
"836",0.3,"Premium","E","SI1",61.8,60,675,4.28,4.23,2.63
"837",1.53,"Ideal","F","SI1",62.5,57,11525,7.38,7.31,4.59
"838",0.41,"Ideal","G","VVS1",60.2,57,1076,4.8,4.83,2.9
"839",0.38,"Ideal","F","VVS2",62.7,56,1033,4.61,4.64,2.9
"840",1.7,"Premium","H","SI1",62.5,60,11709,7.54,7.49,4.7
"841",0.3,"Ideal","F","SI1",62.5,57,475,4.3,4.31,2.69
"842",0.46,"Premium","E","SI1",61.8,57,1035,4.98,4.93,3.06
"843",0.43,"Very Good","F","SI2",60.5,59,679,4.88,4.91,2.96
"844",0.4,"Premium","E","VS2",62.2,59,975,4.74,4.71,2.94
"845",0.3,"Ideal","F","IF",62,56,1013,4.34,4.3,2.68
"846",0.36,"Ideal","E","VVS2",61.8,54,928,4.6,4.62,2.85
"847",1.3,"Very Good","H","SI2",62.8,58,6140,6.93,7.01,4.38
"848",1.5,"Good","E","SI1",64.2,55,12870,7.22,7.17,4.62
"849",0.94,"Premium","H","SI2",61.9,57,3335,6.29,6.21,3.87
"850",0.32,"Premium","H","SI1",61.3,60,576,4.42,4.36,2.69
"851",0.95,"Very Good","G","VS1",61.7,58,5111,6.26,6.34,3.89
"852",0.55,"Ideal","E","VVS1",62.9,57,2609,5.25,5.21,3.29
"853",0.52,"Good","E","SI2",63.7,56,1229,5.15,5.12,3.27
"854",1.32,"Premium","G","SI1",60.6,58,7676,7.12,7.06,4.3
"855",0.82,"Very Good","F","SI1",63.9,56.9,3048,5.85,5.92,3.76
"856",0.35,"Ideal","E","VS2",62.1,56,767,4.52,4.53,2.81
"857",0.26,"Very Good","F","VVS1",63.3,57,724,4.07,4.05,2.57
"858",0.71,"Premium","F","VS1",61.8,59,2765,5.69,5.73,3.53
"859",1.03,"Premium","D","VVS2",61.7,59,8623,6.48,6.43,3.98
"860",0.43,"Premium","G","IF",61.4,59,1433,4.79,4.85,2.96
"861",1.2,"Very Good","G","SI2",61.5,58,4443,6.83,6.85,4.21
"862",0.87,"Ideal","E","SI1",61.5,57,5112,6.12,6.15,3.77
"863",1.36,"Ideal","F","VVS1",61.3,57,15247,7.13,7.23,4.4
"864",0.42,"Ideal","G","VVS1",61.1,56,1179,4.82,4.87,2.96
"865",0.52,"Premium","D","SI1",61.4,58,1600,5.16,5.19,3.18
"866",0.3,"Ideal","E","VS2",61.8,56,844,4.33,4.31,2.67
"867",0.37,"Ideal","E","VS2",61.6,57,811,4.61,4.65,2.85
"868",0.73,"Very Good","G","VS1",62.4,58.1,2999,5.71,5.75,3.58
"869",0.8,"Ideal","E","SI1",61.1,56,4053,5.98,6.01,3.66
"870",2.2,"Premium","H","SI2",62.7,58,17634,8.33,8.27,5.2
"871",0.42,"Very Good","H","SI1",62.9,57,700,4.76,4.84,3.02
"872",0.55,"Very Good","E","VVS2",60.6,56,2499,5.33,5.36,3.24
"873",0.42,"Premium","G","SI1",62.7,58,882,4.79,4.75,2.99
"874",0.53,"Ideal","F","VS1",62.2,55,1908,5.22,5.17,3.23
"875",1.07,"Ideal","F","IF",62,57,11434,6.52,6.57,4.06
"876",1.66,"Very Good","H","SI1",63.3,59,8831,7.48,7.45,4.72
"877",0.3,"Ideal","J","VS2",62.1,56,384,4.29,4.34,2.68
"878",0.61,"Very Good","H","VVS2",61.4,57,1970,5.46,5.5,3.36
"879",0.3,"Very Good","E","VVS1",63.5,57,995,4.27,4.23,2.7
"880",0.31,"Ideal","D","VVS2",62.4,56,982,4.38,4.34,2.72
"881",0.5,"Good","G","VVS2",63.9,58,1806,5.05,5,3.21
"882",0.41,"Premium","J","VS1",62.1,58,647,4.75,4.79,2.96
"883",0.91,"Very Good","G","SI1",62.8,56,4922,6.16,6.2,3.88
"884",0.51,"Ideal","G","VVS2",62.6,57,1875,5.1,5.12,3.2
"885",1.01,"Very Good","E","VS2",63.1,56,6480,6.34,6.4,4.02
"886",2.01,"Premium","I","SI2",59.2,60,13574,8.31,8.27,4.91
"887",0.41,"Premium","G","SI2",61.4,58,611,4.75,4.8,2.93
"888",1.51,"Very Good","F","SI1",63,61,11560,7.27,7.3,4.59
"889",1.13,"Very Good","H","SI2",62.5,62,4537,6.59,6.66,4.14
"890",0.7,"Premium","G","I1",59.7,59,1138,5.76,5.57,3.39
"891",0.41,"Ideal","F","VS2",60.9,57,1107,4.78,4.74,2.9
"892",0.4,"Premium","F","SI1",62.7,57,945,4.7,4.68,2.94
"893",0.5,"Premium","E","VS2",60.1,61,1420,5.2,5.15,3.11
"894",1.01,"Premium","I","SI1",62.7,59,3959,6.43,6.36,4.01
"895",0.7,"Ideal","H","VVS1",62.3,58,2866,5.66,5.7,3.54
"896",1.2,"Good","I","SI1",63.5,60.7,5280,6.71,6.75,4.27
"897",0.4,"Very Good","E","VS2",61.2,60,912,4.79,4.68,2.9
"898",1.11,"Good","D","SI1",57.8,61,6088,6.83,6.78,3.93
"899",0.71,"Good","H","SI1",57.9,62,2354,5.82,5.86,3.38
"900",1.03,"Ideal","G","VS1",61.4,55,7481,6.5,6.53,4
"901",0.41,"Premium","I","VVS2",62.9,58,1061,4.74,4.71,2.97
"902",0.32,"Good","D","SI2",63.7,56,612,4.34,4.33,2.76
"903",0.3,"Ideal","I","VS1",62.5,57,608,4.32,4.29,2.69
"904",0.36,"Good","D","SI1",63.2,56,619,4.52,4.56,2.87
"905",0.3,"Ideal","G","VS2",61.3,56,675,4.33,4.28,2.64
"906",0.32,"Very Good","G","VVS2",62.3,54,730,4.38,4.45,2.75
"907",0.77,"Ideal","H","SI2",60.8,57,2302,5.96,5.89,3.6
"908",0.91,"Very Good","D","SI2",62.3,57,3848,6.14,6.22,3.85
"909",0.54,"Premium","D","SI1",62.6,57,1650,5.21,5.12,3.23
"910",0.8,"Very Good","D","SI2",63.7,57,2708,5.87,5.9,3.75
"911",0.91,"Good","D","SI1",63.1,61,4113,6.1,6.16,3.87
"912",1,"Very Good","F","VS2",62.2,57,6183,6.4,6.43,3.99
"913",1.3,"Ideal","J","VS1",62.3,57,6334,7.06,6.97,4.37
"914",0.59,"Good","F","VS1",60.5,61,1861,5.43,5.5,3.31
"915",0.41,"Premium","D","SI2",61.2,59,683,4.77,4.8,2.93
"916",2.37,"Ideal","J","SI1",61.9,55,18508,8.53,8.56,5.29
"917",0.42,"Premium","G","VS2",60.1,61,1087,4.84,4.81,2.9
"918",0.71,"Premium","I","SI2",60.3,58,1917,5.78,5.72,3.47
"919",0.3,"Ideal","E","VVS1",61.8,56,956,4.31,4.3,2.66
"920",0.38,"Ideal","D","VS2",61.5,56,954,4.66,4.7,2.88
"921",0.54,"Ideal","I","IF",61.6,53,1647,5.26,5.3,3.25
"922",0.76,"Premium","D","SI1",61.1,59,2847,5.93,5.88,3.61
"923",0.33,"Ideal","D","SI1",62.5,54,780,4.44,4.43,2.77
"924",0.3,"Ideal","G","VVS1",62.3,55,789,4.29,4.31,2.68
"925",0.32,"Premium","I","SI1",61,59,432,4.36,4.39,2.67
"926",0.53,"Ideal","F","VVS2",62.7,56,2030,5.16,6.2,3.25
"927",1.08,"Ideal","E","SI2",61.7,57,4989,6.55,6.6,4.06
"928",1.2,"Ideal","H","SI1",62.2,56,6471,6.8,6.77,4.23
"929",0.77,"Ideal","I","SI2",61.6,57,2425,5.87,5.92,3.63
"930",1.03,"Premium","F","VS1",61.7,56,6783,6.49,6.47,4
"931",1.37,"Ideal","G","SI2",62.8,57,6730,7.12,7.06,4.45
"932",0.63,"Ideal","D","VS2",61.5,54,2013,5.54,5.58,3.42
"933",0.3,"Ideal","D","SI1",61,56,709,4.33,4.3,2.63
"934",0.4,"Ideal","H","SI2",62.2,55,540,4.75,4.77,2.96
"935",0.32,"Premium","I","VS1",61.3,58,505,4.35,4.39,2.68
"936",0.41,"Premium","D","SI2",62.3,58,876,4.77,4.73,2.96
"937",0.24,"Ideal","G","VVS2",61.2,56,498,3.99,4.02,2.45
"938",0.32,"Ideal","G","VS1",60.9,56,645,4.41,4.45,2.7
"939",0.41,"Premium","E","SI2",60,59,876,4.82,4.78,2.88
"940",1.2,"Very Good","G","SI2",63.1,57,5609,6.68,6.79,4.25
"941",1.11,"Very Good","H","SI2",63.4,55,4028,6.54,6.51,4.14
"942",0.41,"Premium","D","SI1",62.1,59,791,4.74,4.76,2.95
"943",1.03,"Premium","D","SI2",61.3,61,4764,6.49,6.46,3.97
"944",0.27,"Ideal","H","SI1",61.3,55,383,4.17,4.21,2.57
"945",1.5,"Good","D","VS2",64.1,54,13232,7.17,7.24,4.62
"946",1.01,"Premium","G","VS2",62.1,59,5864,6.43,6.38,3.98
"947",1.6,"Premium","I","SI1",62.1,58,8852,7.51,7.47,4.65
"948",0.3,"Very Good","F","VS2",62.8,56,605,4.29,4.31,2.7
"949",0.31,"Ideal","G","VS1",62.4,55,625,4.33,4.35,2.71
"950",0.28,"Ideal","H","VS1",62,55,497,4.21,4.24,2.62
"951",0.51,"Premium","E","VS2",59.2,61,1662,5.17,5.16,3.06
"952",0.35,"Ideal","D","VS1",60.8,57,890,4.57,4.61,2.79
"953",1.1,"Premium","D","SI1",60.7,55,6468,6.74,6.71,4.08
"954",1.5,"Very Good","E","VS2",62.9,56,13892,7.31,7.22,4.57
"955",0.31,"Ideal","D","VS1",61.6,55,766,4.37,4.4,2.7
"956",1.01,"Ideal","H","SI1",60.2,56,4191,6.47,6.42,3.88
"957",0.91,"Premium","E","VVS2",61.1,61,7006,6.24,6.2,3.8
"958",1,"Premium","F","SI1",59.4,62,3881,6.55,6.52,3.88
"959",1.23,"Premium","H","VS2",58.5,62,6150,7,6.98,4.09
"960",2.01,"Premium","G","SI2",60.1,60,17403,8.25,8.18,4.94
"961",0.36,"Ideal","E","VS2",61.2,56,789,4.6,4.62,2.82
"962",0.91,"Fair","E","VS1",64.5,58,4770,6.14,6.1,3.95
"963",2.18,"Premium","F","SI1",61.2,60,18717,8.38,8.3,5.1
"964",0.98,"Fair","F","SI1",61.8,66,3622,6.38,6.27,3.91
"965",0.32,"Very Good","I","VS2",62.9,57,449,4.37,4.4,2.76
"966",0.58,"Ideal","F","SI1",62.2,57,1705,5.37,5.33,3.33
"967",1.01,"Very Good","I","SI1",62.7,56,4212,6.36,6.43,4.01
"968",1.15,"Ideal","H","I1",62,55,3606,6.76,6.69,4.17
"969",0.3,"Very Good","D","SI2",63.4,56,574,4.29,4.26,2.71
"970",1.01,"Ideal","D","SI1",62,57,5939,6.44,6.37,3.97
"971",0.51,"Ideal","E","SI1",62.3,56,1443,5.15,5.12,3.2
"972",0.8,"Very Good","H","VVS2",62.9,56,3036,5.9,5.96,3.73
"973",1,"Very Good","E","VS2",62.9,57,7607,6.33,6.35,3.99
"974",0.3,"Ideal","E","VS2",62.3,57,658,4.29,4.32,2.68
"975",1.01,"Good","I","VS1",64.2,60,3484,6.35,6.27,4.05
"976",0.5,"Ideal","D","SI2",62.5,55,1239,5.07,5.14,3.19
"977",0.72,"Ideal","F","VVS1",60.8,56,5051,5.83,5.81,3.54
"978",0.72,"Ideal","G","VS1",61,55,3478,5.81,5.83,3.55
"979",0.71,"Very Good","E","VS2",63.4,61,2450,5.6,5.57,3.54
"980",0.55,"Ideal","F","SI2",61.1,56,1256,5.29,5.32,3.24
"981",1.31,"Premium","J","SI2",59.7,59,3697,7.06,7.01,4.2
"982",0.34,"Good","D","VVS1",57.4,62,957,4.67,4.71,2.69
"983",1.01,"Premium","G","VVS2",62.4,59,7466,6.37,6.32,3.96
"984",0.71,"Good","I","SI1",59.9,65,2165,5.71,5.74,3.43
"985",1.02,"Very Good","E","VS2",63.2,60,6580,6.34,6.29,3.99
"986",1.15,"Ideal","H","SI2",62,56,4959,6.75,6.68,4.16
"987",0.34,"Premium","D","VS2",60.4,60,805,4.51,4.56,2.74
"988",0.36,"Ideal","D","VS2",61.8,56,852,4.56,4.6,2.83
"989",0.31,"Premium","E","VS1",61.1,58,942,4.37,4.34,2.66
"990",0.91,"Premium","D","VS2",62,60,4969,6.23,6.19,3.85
"991",0.4,"Very Good","F","SI2",62.6,53,579,4.7,4.75,2.96
"992",2.05,"Premium","H","SI1",60.2,58,17521,8.25,8.22,4.96
"993",1.58,"Ideal","I","SI1",61.7,56,9335,7.55,7.48,4.64
"994",0.4,"Ideal","H","VVS1",62.2,55,1017,4.7,4.75,2.94
"995",0.53,"Premium","G","SI1",61.3,58,1268,5.16,5.21,3.18
"996",1.1,"Ideal","H","SI1",60.2,56,4827,6.74,6.82,4.08
"997",0.32,"Very Good","F","VS2",60.2,59,645,4.4,4.43,2.66
"998",0.3,"Premium","G","VS1",61.7,60,776,4.28,4.24,2.63
"999",0.35,"Ideal","E","SI1",61.2,57,614,4.52,4.56,2.78
"1000",0.53,"Ideal","F","VS1",62.3,55,1908,5.22,5.18,3.24
